id,last_try,success,fail
68142751-4b2c-48d3-b5ec-5258cce06a9c,2025-03-27 14:03:37,1,0
3d5c7384-6865-4b8c-bc28-20cdd88f87f3,2025-03-27 19:42:40,1,2
440944e8-8a67-467e-8579-7ee619efb807,2025-03-29 12:02:31,0,3
c810e394-f450-41dd-96e9-362b1867e13e,2025-03-27 19:45:38,0,3
f5e2e8f1-4180-4c3e-b83b-d2dc8b445bf4,2025-03-27 16:04:16,1,0
432634d2-cc14-4ef0-934a-5ae2aad5bb45,2025-03-28 17:51:50,0,1
b8145942-ef15-46db-bca2-d482ad36d67b,2025-03-27 16:04:35,1,0
5e2c74b0-7545-464e-98dd-39049cc8b829,2025-03-27 19:45:24,0,2
626b44a5-dbfa-4c71-b244-9567b51c8bef,2025-03-27 16:16:18,0,1
9ede20fb-b831-4c29-8988-ddce1ed800cb,2025-03-27 19:44:19,2,0
32f978cd-f365-4cd4-8313-5af3c787816a,2025-03-27 19:44:05,0,3
3f033e10-fe25-49f6-a783-928f9064ea42,2025-03-27 19:43:18,2,0
b6388760-991b-481e-b15a-bf883eeff562,2025-03-27 19:44:51,1,1
b912a588-1518-42b1-b109-afb32eee703e,2025-03-27 16:15:57,0,1
9a4ddfc9-b191-45f9-800f-442f81417e95,2025-03-27 16:16:34,0,1
bed53c2e-b0cf-4235-abff-4145f0b17237,2025-03-27 16:16:44,1,0
2c92504f-c566-4612-b891-908164411d96,2025-03-27 16:25:50,1,0
98f824ae-b0c7-428d-82f1-c415fc0ee0d5,2025-03-27 16:25:59,1,0
4916a156-ce61-4371-a145-09c3a6c0ea6e,2025-03-27 16:26:08,0,1
a65d261f-12e9-4a32-8140-7a5766244ecb,2025-03-27 16:26:14,0,1
631e5d91-9c04-4e45-9c82-78adb2c33697,2025-03-27 16:26:23,0,1
20dd37c9-bd15-41bf-a75b-976055ba784f,2025-03-27 16:26:33,0,1
655ed583-c2ba-4bdb-8b90-dbcd550ce6bd,2025-03-27 19:47:37,0,2
9b0a49cd-04b1-4ef9-9b4d-13fd2a3f668c,2025-03-27 16:26:53,0,1
849307c0-75f4-4e65-b5cd-a689d3ae1b48,2025-03-27 16:27:04,1,0
c1a91ab7-8333-4648-a9ce-a1728f1d91ce,2025-03-27 16:27:09,0,1
3c2582b9-92a0-4132-adbc-66032531aaf0,2025-03-27 16:27:16,0,1
6c51847f-e662-44a3-b611-543943e03f37,2025-03-29 12:02:06,0,2
416c20ed-bed1-4d7e-80fc-438c6c293b8e,2025-03-27 16:27:28,1,0
183bd34b-993f-4fa2-95ea-8e8084934985,2025-03-27 16:27:42,1,0
68e5a8a4-5c56-45a3-902e-01bd136f8fb8,2025-03-27 19:45:16,0,2
16e6a6bf-20ce-4aee-8f15-57da75d9118b,2025-03-27 19:35:35,0,2
2cc9fe02-e054-4d9a-a1bf-2dbaea830c14,2025-03-27 16:30:42,2,0
e24ceff0-7da9-4741-b771-aae1211f6d48,2025-03-27 16:28:21,1,0
08398b65-6f95-4372-81ea-f7ffdc9437a6,2025-03-27 16:28:46,0,1
9767eeeb-5f66-4af3-a4a0-bd8ee17a90c6,2025-03-27 19:47:10,0,2
6d10ccb0-40b8-493d-9d8a-12c16a1eda2b,2025-03-27 19:43:00,0,2
a6cac8df-7e33-47fa-ac8f-a40c1ab3841c,2025-03-29 12:01:05,0,2
5df0ba12-80f9-432d-94b4-b345b8ee138b,2025-03-27 16:29:24,0,1
1d7076b4-6766-4096-b461-e34ec733592c,2025-03-27 16:29:34,0,1
b9e2e528-0988-4a9a-8329-8decdb2ed5d8,2025-03-27 16:29:39,1,0
77cb44e2-0a6a-4d5e-b370-e8f8120e437e,2025-03-27 19:45:54,1,1
c987298a-eef3-4d52-a707-f82bf63fa070,2025-03-27 16:30:03,0,1
9b3ca06a-6144-4045-90d2-63d45ad07ef3,2025-03-27 16:30:10,0,1
8e8c7971-99a0-4b05-a4d4-faec40ea9248,2025-03-27 19:24:08,0,2
d6af128e-f139-4536-98d0-7d308afa5ca5,2025-03-27 16:30:46,0,0
0f710376-234d-486c-8032-0449f24662c8,2025-03-27 19:44:54,1,1
0d44134e-dca4-44ef-ace8-d35bdacc1456,2025-03-27 18:51:30,0,1
8562be9d-1f85-4ed4-aab5-ecb32000ecc5,2025-03-27 18:51:41,1,0
605f529e-deb7-4109-8ca4-f059f77754eb,2025-03-27 18:52:00,1,0
33b009d7-2d7a-4798-8a0d-80cd4ab9bda4,2025-03-27 18:52:05,1,0
f134d099-1191-4e4e-9928-8670a6eceafe,2025-03-27 18:52:11,0,1
75fd3cfb-fa5e-485c-8c60-406fb2c0abfc,2025-03-27 18:52:18,1,0
572c24d6-985d-491a-b2b9-a5f512df7bff,2025-03-29 12:02:47,2,0
3ebb4c23-0642-4552-b9b4-d93e17f8bc74,2025-03-27 18:52:31,0,1
e6caac27-4ad7-4b6b-90fc-f49d3545bbf1,2025-03-27 18:52:49,1,0
6a82127c-7ab8-48f2-a839-3ea5a7357164,2025-03-27 18:52:56,1,0
caaf4004-e41c-4f9e-9b29-68dfad38f9d9,2025-03-27 18:53:04,0,1
f494ef73-3593-4dea-a590-d816e3b6b5d9,2025-03-27 19:46:02,0,2
360c9051-cfeb-4018-aeda-61720c9a51da,2025-03-27 18:53:15,0,1
d8816927-65e6-42d6-a816-3006e0caeb75,2025-03-27 18:53:30,0,1
52dae17a-62e7-4e44-8f31-bb9f7bd57e2c,2025-03-27 18:53:33,0,1
dae62774-efd9-43c2-a4ef-0b9dd9c2c2a7,2025-03-27 18:53:37,0,0
a89a035c-d835-4b22-8585-7f2ce795f137,2025-03-27 18:54:34,1,0
7c9012da-849c-4f0c-ae37-d08b06de31dd,2025-03-28 17:51:40,0,2
b349aff0-7004-42ec-ab0c-655d7efe9f3f,2025-03-27 18:55:15,0,0
b293655a-5020-4050-bc61-b1003519e0c1,2025-03-27 18:56:53,0,1
172f7d74-4ec9-45cf-8d1b-bee295ece41f,2025-03-27 18:56:57,0,1
dcb22148-9f07-4a7d-8527-45e3745686e7,2025-03-27 18:57:07,0,1
58de8c2f-dbf7-4475-b408-b8b4445d3074,2025-03-27 18:57:15,0,1
57bcd283-dcc2-42ba-8517-8bd16057f33b,2025-03-27 18:57:21,0,0
16da0872-7b30-4084-8838-71b86781fb78,2025-03-27 18:58:02,0,1
de572aa1-12a0-435c-a267-45e722e74573,2025-03-27 18:58:22,0,1
f15b7b5c-4b15-436f-90a4-fb992d031462,2025-03-27 18:58:23,0,0
42bf3e4f-96d8-4d05-af27-e176501660c6,2025-03-27 19:24:03,1,0
135aac26-3f85-4df7-8c60-66d5b0f191c4,2025-03-27 19:46:29,0,2
75053f8d-312a-40d1-82af-3df36bbc8bd2,2025-03-27 19:24:28,1,0
c6ec9b58-06ec-4d6c-b577-c452955e8056,2025-03-27 19:24:30,0,0
2aab007e-d3f9-4117-8e8c-e1271f93f493,2025-03-27 19:35:07,1,0
28200e86-0913-4949-8835-6e2198406f3c,2025-03-29 12:01:15,1,1
242151f5-f9f4-47c4-a63a-793a3cf48dad,2025-03-27 19:43:12,1,1
262e12dc-eff4-4575-9d55-ce164a7add7f,2025-03-27 19:38:45,2,0
9e01c833-0b5e-4afe-9e81-055ae7ee4452,2025-03-27 19:35:37,0,0
393b64b8-f7c1-4b06-9df9-6f72e483d549,2025-03-27 19:46:56,1,1
fbec226b-1b20-4ee5-a0d6-aadf8ec61908,2025-03-27 19:38:59,1,0
54d75095-f61c-4747-a3fa-577fe7cd62c5,2025-03-28 17:51:49,0,2
f6254922-6945-464f-a1ca-fd74ca6bcc7a,2025-03-27 19:39:06,0,0
d658463d-5b34-43f1-ad3e-e25e935a2adb,2025-03-27 19:41:23,1,0
50ae8784-5144-4f4c-b338-297e480294d3,2025-03-27 19:41:56,0,1
4fd5b181-81e9-4ccd-8c12-869a87f7cfaf,2025-03-27 19:42:04,1,0
1751075d-9bb1-4bcb-96bf-f06d5f4db550,2025-03-27 19:42:15,0,1
2c305d30-248c-428d-8e04-74fa073498cd,2025-03-27 19:42:51,0,1
0488b7e7-1271-4dab-ac7c-66555ce16c34,2025-03-27 19:43:35,0,1
87ce7bc1-793e-412a-a271-fb3ebbeaed9f,2025-03-27 19:43:43,0,1
b4c25fee-897e-40ce-999c-24becf1dbfc7,2025-03-27 19:43:48,1,0
cf04cc5b-6f51-4e3d-b08d-7e41634c94dd,2025-03-27 19:43:57,0,1
8c057b52-8411-40f1-a841-560ed9e681fe,2025-03-27 19:44:08,0,1
7d1f340f-2608-494c-81a4-e35c38296b0c,2025-03-27 19:44:23,1,0
04274816-2c1e-4a62-9a94-1447c171ad4d,2025-03-29 12:00:48,0,2
66236b6f-d351-415c-b396-25da7cae975d,2025-03-27 19:44:40,1,0
a911cc34-bbd5-4849-b9a6-9adef214ebfd,2025-03-27 19:44:43,1,0
f4ebd5fb-4645-43c4-923d-df7da2e7162d,2025-03-27 19:44:59,0,1
e65fc97c-72e6-4db6-a315-c4620f17de0f,2025-03-27 19:45:05,0,1
501a60d7-ade2-48f5-a18f-ec900fd5cd3d,2025-03-27 19:46:07,0,1
4f01e88b-58aa-4120-a5cd-9783ad4d1397,2025-03-27 19:46:11,0,1
fad21c46-e8ee-4ba9-b8fb-033446380bc7,2025-03-27 19:46:15,1,0
9267dc31-b411-4c3e-8542-43a7b4adeb43,2025-03-27 19:46:20,0,1
e6f21bd0-1c77-468e-b616-6137f936fc5f,2025-03-27 19:46:37,0,1
18e2dd54-4637-4323-8c92-7eecae74c30e,2025-03-27 19:46:43,0,1
9314a1bf-f873-4774-8e21-fe82a7c23c72,2025-03-27 19:46:48,0,1
08898d2e-fc19-4fdb-b7da-454081b15fba,2025-03-27 19:47:04,0,1
5e914123-f759-4bc3-ba03-2db5616b322a,2025-03-27 19:47:16,1,0
713ba6af-03c4-45b5-9f80-926765807fe8,2025-03-27 19:47:26,0,1
3819c068-cc70-43f3-8c1f-71af85fe147c,2025-03-27 19:47:39,0,0
655a2cf2-5c4a-422b-85e5-7d14887e0cfb,2025-03-28 17:51:30,0,1
43c7b4aa-ed0a-4beb-bbf6-a581d80f9786,2025-03-28 17:51:35,0,1
d29a466c-ab40-439a-8061-7b5a3ed3afb9,2025-03-29 12:01:21,0,1
b2176ea5-6a88-4c59-97e7-2f24e378c3db,2025-03-29 12:01:31,1,0
12d8d608-633e-4b6e-86d9-2795bd9e4f1e,2025-03-29 12:01:37,0,1
1321860d-e696-4f72-a527-72b52f90c8e9,2025-03-29 12:07:25,0,1
9d0dec50-e583-481e-a0cf-e52b97fcd51e,2025-03-29 12:02:14,0,1
bdba4ae8-5347-4d3b-94a6-538c5bc88968,2025-03-29 12:02:40,1,0
